first_name;last_name;email;phone_number;date_of_birth
John;Doe;johndoe@gmail.com;+1415551234;1985-01-15
Jane;Smith;janesmith@yahoo.com;+3312345678;1990-07-22
Michael;Johnson;michaeljohnson@gmail.com;+49123456789;1982-09-10
Emily;Davis;emilydavis@yahoo.com;+4423456789;1995-03-07
David;Wilson;davidwilson@gmail.com;+6143210987;1978-11-30
Sarah;Anderson;sarahanderson@aol.com;+3909876543;1989-05-18
Matthew;Thompson;matthewthompson@gmail.com;+8134567890;1992-12-03
Jennifer;White;jenniferwhite@yahoo.com;+2709876543;1987-08-11
Christopher;Lee;christopherlee@gmail.com;+4476543210;1984-02-25
Amanda;Martin;amandamartin@aol.com;+6178901234;1991-06-14
Andrew;Harris;andrewharris@gmail.com;+4956789012;1980-10-27
Elizabeth;Clark;elizabethclark@yahoo.com;+3312345678;1983-04-20
William;Lewis;williamlewis@gmail.com;+1412987654;1988-09-01
Jessica;Walker;jessicawalker@yahoo.com;+4476543210;1993-05-12
Daniel;Hall;danielhall@aol.com;+3909876543;1981-01-24
Lauren;Young;laurenyoung@gmail.com;+8134567890;1986-07-13
Ryan;Allen;ryanallen@yahoo.com;+2709876543;1990-11-06
Michelle;King;michelleking@gmail.com;+49123456789;1979-03-29
Kevin;Wright;kevinwright@yahoo.com;+3909876543;1994-08-09
Stephanie;Scott;stephaniescott@gmail.com;+3312345678;1987-12-22
Jason;Adams;jasonadams@yahoo.com;+1412987654;1982-06-05
Melissa;Hill;melissahill@aol.com;+4476543210;1995-01-18
Brian;Green;briangreen@gmail.com;+4956789012;1984-05-31
Rachel;Baker;rachelbaker@yahoo.com;+8134567890;1989-10-14
Justin;Cohen;justincohen@gmail.com;+4476543210;1983-03-17
Olivia;Turner;oliviaturner@yahoo.com;+3312345678;1998-09-02
Eric;Morris;ericmorris@aol.com;+1412987654;1977-12-06
Samantha;Phillips;samanthaphillips@gmail.com;+8134567890;1992-02-09
Brandon;Reed;brandonreed@yahoo.com;+2709876543;1986-06-23
Amy;Cook;amycook@gmail.com;+49123456789;1991-11-15
Jonathan;Parker;jonathanparker@yahoo.com;+4956789012;1985-05-28
Natalie;Butler;nataliebutler@aol.com;+4423456789;1994-01-30
Steven;Ward;stevenward@gmail.com;+3909876543;1980-08-22
Rebecca;Bell;rebeccabell@yahoo.com;+8134567890;1988-02-14
Jacob;Carter;jacobcarter@gmail.com;+1412987654;1993-07-26
Victoria;Mitchell;victoriamitchell@yahoo.com;+3312345678;1987-09-09
Thomas;Rogers;thomasrogers@gmail.com;+4476543210;1982-04-03
Olivia;Walker;oliviawalker@yahoo.com;+4956789012;1995-08-16
Liam;Perez;liamperez@aol.com;+3909876543;1981-03-19
Abigail;Brooks;abigailbrooks@gmail.com;+8134567890;1986-07-03
Jacob;Morales;jacobmorales@yahoo.com;+2709876543;1990-12-26
Sophia;Price;sophiaprice@gmail.com;+49123456789;1979-06-09
Ethan;Bennett;ethanbennett@yahoo.com;+3909876543;1994-11-21
Mia;Wood;miawood@aol.com;+4423456789;1989-04-04
James;Barnes;jamesbarnes@gmail.com;+8134567890;1984-08-27
Charlotte;Ross;charlotteross@yahoo.com;+1412987654;1999-01-10
